{
  "timestamp": "20251118_001047",
  "accuracy": 0.9992,
  "min_accuracy_required": 0.8,
  "meets_requirement": true,
  "model_type": "resnet18",
  "classification_report": {
    "丰田_凯美瑞": {
      "precision": 0.998003992015968,
      "recall": 1.0,
      "f1-score": 0.999000999000999,
      "support": 500.0
    },
    "丰田_卡罗拉": {
      "precision": 1.0,
      "recall": 0.996,
      "f1-score": 0.9979959919839679,
      "support": 500.0
    },
    "丰田_花冠": {
      "precision": 1.0,
      "recall": 0.998,
      "f1-score": 0.998998998998999,
      "support": 500.0
    },
    "别克_君越": {
      "precision": 1.0,
      "recall": 1.0,
      "f1-score": 1.0,
      "support": 500.0
    },
    "大众_迈腾": {
      "precision": 1.0,
      "recall": 1.0,
      "f1-score": 1.0,
      "support": 500.0
    },
    "奥迪_A4": {
      "precision": 0.9940357852882704,
      "recall": 1.0,
      "f1-score": 0.9970089730807578,
      "support": 500.0
    },
    "日产_轩逸": {
      "precision": 1.0,
      "recall": 1.0,
      "f1-score": 1.0,
      "support": 500.0
    },
    "日产_骐达": {
      "precision": 1.0,
      "recall": 1.0,
      "f1-score": 1.0,
      "support": 500.0
    },
    "本田_雅阁": {
      "precision": 1.0,
      "recall": 1.0,
      "f1-score": 1.0,
      "support": 500.0
    },
    "福特_福克斯": {
      "precision": 1.0,
      "recall": 0.998,
      "f1-score": 0.998998998998999,
      "support": 500.0
    },
    "accuracy": 0.9992,
    "macro avg": {
      "precision": 0.9992039777304239,
      "recall": 0.9991999999999999,
      "f1-score": 0.9992003962063724,
      "support": 5000.0
    },
    "weighted avg": {
      "precision": 0.9992039777304239,
      "recall": 0.9992,
      "f1-score": 0.9992003962063721,
      "support": 5000.0
    }
  },
  "confusion_matrix": [
    [
      500,
      0,
      0,
      0,
      0,
      0,
      0,
      0,
      0,
      0
    ],
    [
      1,
      498,
      0,
      0,
      0,
      1,
      0,
      0,
      0,
      0
    ],
    [
      0,
      0,
      499,
      0,
      0,
      1,
      0,
      0,
      0,
      0
    ],
    [
      0,
      0,
      0,
      500,
      0,
      0,
      0,
      0,
      0,
      0
    ],
    [
      0,
      0,
      0,
      0,
      500,
      0,
      0,
      0,
      0,
      0
    ],
    [
      0,
      0,
      0,
      0,
      0,
      500,
      0,
      0,
      0,
      0
    ],
    [
      0,
      0,
      0,
      0,
      0,
      0,
      500,
      0,
      0,
      0
    ],
    [
      0,
      0,
      0,
      0,
      0,
      0,
      0,
      500,
      0,
      0
    ],
    [
      0,
      0,
      0,
      0,
      0,
      0,
      0,
      0,
      500,
      0
    ],
    [
      0,
      0,
      0,
      0,
      0,
      1,
      0,
      0,
      0,
      499
    ]
  ],
  "model_path": "/app/models/vehicle_classifier_20251118_001047.pth",
  "training_samples": 5000,
  "testing_samples": 5000,
  "car_brands": [
    "丰田_凯美瑞",
    "丰田_卡罗拉",
    "丰田_花冠",
    "别克_君越",
    "大众_迈腾",
    "奥迪_A4",
    "日产_轩逸",
    "日产_骐达",
    "本田_雅阁",
    "福特_福克斯"
  ]
}